"Name";"Instance count";"Size (bytes)"
"java.util.HashMap$Entry";29733;951456
"char[ ]";28307;2886600
"scala.Tuple2";26756;642144
"scala.collection.immutable.HashMap[ ]";23856;1126912
"scala.collection.immutable.HashMap$HashTrieMap";23856;572544
"int[ ]";23496;9103560
"scala.collection.immutable.HashMap$HashMap1";22720;727040
"java.lang.String";17372;555904
"com.siigna.util.geom.Vector2D";13916;445312
"java.lang.Object[ ]";13277;1132472
"scala.Some";12615;201840
"short[ ]";11522;798760
"scala.collection.immutable.$colon$colon";8770;210480
"java.awt.geom.Point2D$Double";8180;261760
"byte[ ]";7058;11489352
"scala.collection.generic.Growable$$anonfun$$plus$plus$eq$1";6188;99008
"java.lang.StringBuilder";5743;137832
"scala.collection.mutable.StringBuilder";5738;91808
"java.util.NoSuchElementException";5738;183616
"scala.collection.mutable.WrappedArray$ofRef";4656;111744
"scala.collection.mutable.ListBuffer";3971;127072
"java.lang.Double";3873;92952
"com.siigna.util.geom.Vector2D[ ]";3238;78208
"scala.collection.mutable.MapBuilder";3236;77664
"com.siigna.util.geom.Segment2D";3188;102016
"com.siigna.app.model.shape.LineShape";3188;127520
"java.lang.Object";3108;49728
"java.lang.Class";3102;2895296
"java.util.HashMap$Entry[ ]";3046;253568
"com.siigna.util.collection.AttributesLike$$anonfun$boolean$1";2727;43632
"java.util.concurrent.ConcurrentHashMap$HashEntry";2645;84640
"com.siigna.util.collection.AttributesLike$$anonfun$double$1";2387;38192
"java.util.HashMap";2320;111360
"java.util.HashMap$Values";2213;35408
"java.util.LinkedHashMap$Entry";2199;87960
"scala.collection.TraversableOnce$$anonfun$toMap$1";2100;50400
"com.jprofiler.agent.util.a.i";1920;30720
"scala.collection.immutable.Map$Map1";1762;42288
"com.siigna.util.collection.AttributesLike$$anonfun$color$1";1760;28160
"java.awt.geom.AffineTransform";1720;123840
"com.siigna.util.collection.Attributes";1611;38664
"com.siigna.util.collection.Attributes$$anonfun$$init$$1";1611;25776
"com.siigna.util.geom.TransformationMatrix";1594;25504
"com.siigna.util.collection.AttributesLike$$anonfun$transformationMatrix$1";1534;24544
"com.siigna.app.view.Graphics$$anonfun$2";1534;24544
"com.siigna.app.view.Graphics$$anonfun$3";1534;24544
"java.awt.Rectangle";1473;47136
"java.awt.BasicStroke";1366;54640
"com.siigna.util.geom.SimpleRectangle2D";1364;87296
"scala.collection.mutable.HashTable$$anon$1";1193;28632
"java.util.Hashtable$Entry";1167;37344
"scala.collection.immutable.Map$Map2";1137;36384
"com.siigna.app.view.Graphics$$anonfun$draw$4";1136;18176
"com.siigna.app.view.Graphics$$anonfun$draw$3";1136;18176
"scala.collection.mutable.HashMap$$anonfun$foreach$1";1136;18176
"scala.Tuple2[ ]";1136;36352
"scala.collection.generic.GenMapFactory$MapCanBuildFrom";1136;18176
"scala.collection.immutable.Map$Map3";1136;45440
"scala.collection.immutable.Map$Map4";1136;54528
"scala.collection.immutable.HashMap";1136;18176
"com.siigna.app.model.shape.PolylineLineShape";1028;16448
"java.lang.Integer";877;14032
"com.jprofiler.agent.util.a.d";788;25216
"java.lang.String[ ]";761;24448
"java.util.LinkedHashMap";723;40488
"float[ ]";646;31208
"scala.Predef$ArrowAssoc";626;10016
"double[ ]";583;29048
"java.util.HashMap$EntrySet";504;8064
"java.lang.reflect.Method";484;38720
"com.siigna.app.model.shape.ArcShape";464;22272
"com.siigna.util.geom.Arc2D";464;51968
"com.siigna.util.geom.Circle2D";464;18560
"com.siigna.app.model.shape.PolylineShape$PolylineShapeClosed";398;9552
"com.siigna.util.geom.TransformationMatrix$$anonfun$translate$1";398;6368
"com.siigna.util.geom.TransformationMatrix$$anonfun$flipY$1";398;6368
"com.siigna.util.geom.TransformationMatrix$$anonfun$scale$1";398;9552
"java.lang.Class[ ]";378;6912
"sun.reflect.annotation.AnnotationInvocationHandler";360;8640
"$Proxy3";352;5632
"scala.collection.mutable.ArrayBuffer";343;8232
"java.util.zip.ZipFile$ZipFileInflaterInputStream";342;19152
"java.util.zip.ZipFile$ZipFileInputStream";342;19152
"com.siigna.app.model.Drawing$$anonfun$3";341;5456
"com.siigna.app.model.Drawing$$anonfun$1";341;5456
"com.siigna.app.model.Drawing$$anonfun$2";341;5456
"scala.collection.mutable.WrappedArray$ofDouble";341;5456
"java.lang.ref.WeakReference";330;10560
"scala.runtime.RichInt";284;6816
"scala.collection.generic.GenTraversableFactory$GenericCanBuildFrom";282;4512
"java.util.Vector";277;8864
"java.lang.Long";274;6576
"java.util.Hashtable$Entry[ ]";264;20760
"java.lang.Short";256;4096
"java.util.Hashtable";255;12240
"java.lang.ref.PhantomReference";241;7712
"java.util.concurrent.locks.ReentrantLock$NonfairSync";237;7584
"sun.java2d.DefaultDisposerRecord";237;7584
"com.siigna.app.view.Graphics$$anonfun$draw$1";228;3648
"java.awt.geom.ArcIterator";228;20064
"java.awt.geom.Arc2D$Double";228;14592
"scala.collection.immutable.VectorBuilder";226;10848
"scala.collection.TraversableLike$$anonfun$map$1";226;5424
"com.jprofiler.agent.triggers.nanoxml.XMLElement";221;10608
"java.lang.reflect.Field";221;15912
"scala.concurrent.forkjoin.ForkJoinPool$WaitQueueNode";213;6816
"java.lang.ref.SoftReference";205;8200
"sun.java2d.loops.Blit";199;9552
"java.util.concurrent.atomic.AtomicInteger";198;3168
"java.util.ArrayList";196;4704
"java.io.FileDescriptor";195;6240
"javax.management.ImmutableDescriptor";189;4536
"java.util.concurrent.ConcurrentHashMap$Segment";185;7400
"java.util.concurrent.ConcurrentHashMap$HashEntry[ ]";185;21184
"sun.java2d.pipe.PixelToParallelogramConverter";179;8592
"scala.runtime.RichDouble";171;8208
"scala.collection.immutable.Range";170;6800
"com.siigna.app.view.Graphics$$anonfun$draw$7";170;4080
"com.siigna.app.model.shape.PolylineShape$PolylineShapeClosed$$anonfun$shapes$1";170;4080
"com.siigna.app.model.shape.PolylineShape$$anonfun$transform$1";170;2720
"com.siigna.app.model.shape.BasicShape[ ]";170;6352
"sun.java2d.d3d.D3DSurfaceData$D3DWindowSurfaceData[ ]";164;3280
"sun.java2d.loops.ScaledBlit";163;7824
"java.io.FileInputStream";163;5216
"java.util.WeakHashMap$Entry";150;6000
"java.awt.Color";146;4672
"java.io.ObjectStreamField";139;5560
"com.sun.jmx.mbeanserver.MXBeanMapping[ ]";135;2536
"java.util.TreeMap$Entry";134;5360
"java.lang.reflect.Constructor";129;9288
"com.sun.jmx.mbeanserver.ConvertingMethod";128;4096
"java.lang.Character";128;2048
"scala.concurrent.forkjoin.LinkedTransferQueue$QNode";115;3680
"scala.collection.parallel.immutable.ParVector$$anon$1";114;9120
"scala.collection.parallel.AdaptiveWorkStealingForkJoinTasks$TaskImpl";114;3648
"scala.collection.parallel.ParIterableLike$Foreach";114;3648
"scala.util.control.Breaks$$anon$1";114;2736
"scala.collection.parallel.ForkJoinTaskSupport";114;2736
"scala.collection.parallel.immutable.ParVector";114;2736
"scala.collection.parallel.Tasks$Task$$anonfun$tryLeaf$1";114;2736
"scala.collection.parallel.Tasks$Task$$anonfun$tryLeaf$2";114;1824
"java.awt.geom.Rectangle2D$Double";114;5472
"scala.collection.parallel.immutable.LazyParVectorCombiner";113;2712
"scala.collection.Parallelizable$$anonfun$par$1";113;1808
"scala.collection.immutable.VectorIterator";113;7232
"scala.collection.parallel.immutable.LazyParVectorCombiner$$anonfun$result$1";113;1808
"scala.util.PropertiesTrait$$anonfun$isJavaAtLeast$1";113;1808
"java.lang.reflect.Method[ ]";98;4488
"java.lang.ref.ReferenceQueue$Lock";97;1552
"java.lang.ref.ReferenceQueue";95;3040
"com.jprofiler.agent.probe.structures.o";92;3680
"java.util.logging.LogManager$LoggerWeakRef";91;4368
"java.math.BigInteger";89;3560
"sun.java2d.loops.MaskBlit";88;4224
"sun.java2d.StateTrackableDelegate";68;1632
"sun.reflect.generics.tree.TypeArgument[ ]";66;1112
"sun.reflect.generics.tree.SimpleClassTypeSignature";66;1584
"int[ ][ ]";65;1696
"scala.collection.mutable.DefaultEntry";65;1560
"java.util.HashSet";63;1008
"java.net.URL";62;3968
"java.util.logging.LogManager$LogNode";61;1464
"javax.management.MBeanAttributeInfo";60;1920
"java.awt.image.BufferedImage";60;2880
"com.jprofiler.agent.util.a.b";60;3360
"com.jprofiler.agent.util.a.i[ ]";60;8640
"sun.awt.image.BufImgSurfaceData";60;4320
"com.jprofiler.agent.util.a.d[ ]";60;16832
"sun.java2d.pipe.Region";59;2360
"sun.awt.image.IntegerInterleavedRaster";59;6136
"java.awt.image.SinglePixelPackedSampleModel";59;2832
"java.awt.image.DataBufferInt";59;2832
"sun.java2d.SunGraphics2D";58;12064
"com.siigna.app.view.Graphics";58;1392
"java.awt.Point";58;1392
"com.siigna.app.view.View$$anonfun$1";57;912
"java.awt.geom.Path2D$Float$TxIterator";57;1824
"sun.java2d.loops.GraphicsPrimitiveMgr$PrimitiveSpec";57;912
"scala.collection.mutable.ArrayOps$ofRef";57;912
"scala.collection.mutable.HashMap$$anon$1$$anonfun$foreach$2";57;912
"scala.collection.mutable.HashMap$$anon$1";57;1368
"java.awt.geom.GeneralPath";57;1824
"java.awt.ColorPaintContext";57;1368
"sun.java2d.pipe.AlphaPaintPipe$TileContext";57;2736
"com.siigna.app.view.View$$anonfun$paint$3";57;1368
"com.siigna.app.view.View$$anonfun$paint$4";57;1368
"com.siigna.module.ModuleMenu$$anonfun$paint$3";57;912
"com.siigna.module.ModuleMenu$$anonfun$paint$5";57;912
"com.siigna.module.ModuleMenu$$anonfun$paint$4";57;912
"java.awt.RenderingHints";57;912
"com.siigna.app.view.View$$anonfun$5";56;896
"com.siigna.util.RichColorString";56;896
"scala.collection.immutable.StringOps";56;896
"com.siigna.app.model.shape.PolylineShape$$anonfun$8";56;896
"java.util.WeakHashMap$Entry[ ]";55;4944
"sun.java2d.loops.SurfaceType";53;1696
"java.util.concurrent.locks.ReentrantLock";52;832
"java.util.WeakHashMap";50;2400
"sun.util.locale.LocaleObjectCache$CacheEntry";48;2304
"javax.management.MBeanInfo";48;2304
"java.util.concurrent.ConcurrentHashMap$Segment[ ]";48;3840
"javax.management.MBeanAttributeInfo[ ]";48;2448
"java.util.concurrent.ConcurrentHashMap";48;2304
"sun.java2d.loops.MaskFill";47;2256
"java.security.Provider$ServiceKey";47;1128
"java.util.concurrent.CopyOnWriteArrayList";47;1128
"java.lang.ref.Finalizer";46;1840
"com.sun.jmx.mbeanserver.PerInterface$MethodAndSig";46;1104
"java.io.ObjectStreamField[ ]";46;1368
"java.util.logging.Logger";45;2880
"java.lang.management.MemoryUsage";45;2160
"javax.management.openmbean.OpenMBeanAttributeInfoSupport";45;2880
"long[ ]";44;4200
"java.io.ExpiringCache$Entry";44;1056
"javax.management.MBeanOperationInfo";43;1720
"javax.management.ObjectName$Property[ ]";41;976
"com.jprofiler.agent.util.a.a.v";41;2952
"com.jprofiler.agent.probe.a.a.s";40;960
"javax.management.MBeanOperationInfo[ ]";39;1192
"java.lang.Package";38;2128
"sun.reflect.DelegatingConstructorAccessorImpl";37;592
"sun.reflect.NativeConstructorAccessorImpl";36;864
"java.security.AccessControlContext";35;1120
"javax.management.MBeanParameterInfo";35;1120
"java.util.Date";34;816
"sun.util.logging.PlatformLogger";33;528
"java.util.Collections$SingletonList";33;792
"sun.util.logging.PlatformLogger$JavaLogger";33;1056
"java.lang.reflect.Constructor[ ]";33;688
"sun.font.SunFontManager$FontRegistrationInfo";32;1024
"sun.awt.SunHints$Value";32;768
"com.sun.jmx.mbeanserver.DefaultMXBeanMappingFactory$IdentityMapping";32;768
"javax.management.MBeanParameterInfo[ ]";30;728
"sun.java2d.loops.DrawGlyphListAA";30;1440
"javax.management.ObjectName$Property";30;720
"java.security.Provider$EngineDescription";30;960
"sun.misc.URLClassPath$JarLoader";29;1392
"java.math.BigDecimal";28;1120
"sun.java2d.loops.BlitBg";27;1296
"com.jprofiler.agent.util.a.t[ ]";27;2160
"com.jprofiler.agent.util.a.s";27;1296
"java.util.Locale";26;624
"java.security.ProtectionDomain";26;1040
"java.security.Principal[ ]";26;416
"java.security.ProtectionDomain$Key";26;416
"java.security.CodeSource";26;832
"com.jprofiler.agent.probe.a.a.s[ ]";26;656
"scala.Symbol";25;400
"sun.util.locale.BaseLocale";25;800
"java.util.HashMap$EntryIterator";25;1000
"sun.util.locale.BaseLocale$Key";25;1000
"sun.font.EAttribute";24;768
"java.lang.ThreadLocal$ThreadLocalMap$Entry";24;768
"java.awt.font.TextAttribute";23;368
"com.jprofiler.api.agent.probe.ThreadLocalStack";23;368
"java.util.jar.Attributes$Name";23;552
"java.security.Provider$UString";23;552
"com.jprofiler.api.agent.probe.ThreadLocalStack$1";23;552
"java.security.Provider$Service";23;1288
"java.lang.Float";22;352
"sun.reflect.generics.tree.ClassTypeSignature";21;336
"java.util.Locale$LocaleKey";21;504
"javax.management.ObjectName";21;840
"boolean[ ]";21;664
"java.lang.reflect.Field[ ]";20;824
"scala.collection.mutable.HashEntry[ ]";20;1664
"sun.nio.cs.UTF_8$Encoder";20;960
"sun.font.CompositeFont";20;1920
"com.jprofiler.agent.probe.structures.MetaDataImpl";20;1920
"sun.font.Font2DHandle";20;320
"sun.font.PhysicalFont[ ]";20;1440
"com.sun.jmx.mbeanserver.NamedObject";20;480
"sun.java2d.loops.CompositeType";19;456
"sun.reflect.DelegatingClassLoader";19;1216
"com.sun.jmx.mbeanserver.WeakIdentityHashMap$IdentityWeakReference";19;608
"scala.collection.mutable.HashMap";19;608
"java.io.ObjectStreamClass";19;1976
"java.util.TreeMap";19;912
"java.io.ObjectStreamClass$WeakClassKey";19;608
"com.sun.jmx.mbeanserver.MXBeanSupport";18;720
"sun.reflect.BootstrapConstructorAccessorImpl";18;288
"java.util.zip.ZipCoder";17;544
"sun.java2d.loops.DrawGlyphList";17;816
"scala.Enumeration$Val";17;544
"java.util.Collections$SynchronizedMap";17;544
"java.util.ArrayDeque";17;408
"sun.java2d.loops.FillRect";17;816
"java.lang.management.PlatformComponent[ ]";16;328
"sun.java2d.loops.FillSpans";16;768
"sun.java2d.loops.DrawPath";16;768
"sun.java2d.loops.FillPath";16;768
"java.io.ObjectStreamClass$ClassDataSlot";16;384
"sun.java2d.loops.DrawPolygons";16;768
"sun.java2d.loops.DrawRect";16;768
"sun.java2d.loops.DrawLine";16;768
"java.lang.Thread";15;1560
"javax.management.openmbean.ArrayType";15;840
"java.lang.management.PlatformComponent";15;720
"java.io.ObjectStreamClass$FieldReflectorKey";15;600
"java.io.ObjectStreamClass$FieldReflector";15;600
"com.jprofiler.agent.probe.structures.s";14;336
"com.jprofiler.agent.probe.structures.q";14;336
"com.jprofiler.agent.probe.structures.r";14;336
"sun.awt.CausedFocusEvent$Cause";14;336
"java.lang.ThreadLocal";14;224
"java.util.HashMap$KeySet";14;224
"javax.management.StandardMBean";14;336
"java.io.File";14;336
"javax.management.MBeanConstructorInfo[ ]";14;240
"sun.java2d.loops.TransformHelper";14;672
"com.jprofiler.agent.probe.t";14;224
"com.jprofiler.agent.probe.s";14;336
"com.jprofiler.agent.probe.r";14;1904
"javax.management.openmbean.SimpleType";14;560
"java.lang.ThreadLocal$ThreadLocalMap";13;312
"java.security.ProtectionDomain[ ]";13;368
"java.lang.ThreadLocal$ThreadLocalMap$Entry[ ]";13;1040
"java.util.jar.JarFile";13;832
"sun.java2d.loops.DrawGlyphListLCD";13;624
"java.io.ObjectStreamClass$ClassDataSlot[ ]";13;312
"com.sun.jmx.mbeanserver.PerInterface";13;520
"com.jprofiler.agent.r";13;416
"sun.misc.MetaIndex";12;288
"java.awt.AlphaComposite";12;288
"sun.java2d.loops.GraphicsPrimitiveProxy";12;672
"com.jprofiler.agent.probe.a.a.t";12;288
"sun.java2d.loops.RenderCache$Entry";12;384
"java.util.LinkedList$Node";11;264
"javax.management.MBeanNotificationInfo[ ]";11;240
"com.jprofiler.agent.probe.structures.a";10;240
"sun.security.jca.ProviderConfig";10;320
"java.lang.reflect.Type[ ]";10;208
"sun.java2d.d3d.D3DMaskFill";10;480
"javax.management.openmbean.CompositeType";9;504
"java.lang.ClassLoader$NativeLibrary";9;288
"java.util.logging.Level";9;216
"java.util.LinkedList";9;288
"sun.reflect.generics.tree.FieldTypeSignature[ ]";9;168
"sun.awt.SunHints$Value[ ]";9;432
"java.util.Arrays$ArrayList";9;216
"sun.awt.SunHints$Key";9;216
"sun.reflect.UnsafeQualifiedStaticObjectFieldAccessorImpl";9;288
"sun.java2d.d3d.D3DSwToSurfaceTransform";8;384
"java.lang.annotation.ElementType";8;192
"java.lang.OutOfMemoryError";8;256
"sun.java2d.d3d.D3DSwToSurfaceBlit";8;384
"java.util.jar.JarFile$JarFileEntry";8;640
"sun.java2d.d3d.D3DSwToSurfaceScale";8;384
"sun.reflect.generics.factory.CoreReflectionFactory";8;192
"javax.management.openmbean.OpenMBeanParameterInfoSupport";8;448
"sun.java2d.loops.RenderCache$Entry[ ]";8;688
"sun.java2d.loops.RenderCache";8;128
"sun.misc.ProxyGenerator$PrimitiveTypeInfo";8;256
"scala.actors.MQueue";8;256
"sun.java2d.d3d.D3DSwToTextureBlit";8;384
"java.net.SocksSocketImpl";8;896
"java.net.DualStackPlainSocketImpl";8;640
"com.jprofiler.api.agent.probe.DataType";8;128
"java.nio.DirectByteBuffer";8;512
"java.math.RoundingMode";8;192
"sun.reflect.generics.tree.FormalTypeParameter[ ]";8;144
"com.sun.jmx.mbeanserver.DefaultMXBeanMappingFactory$CompositeMapping";7;336
"sun.java2d.windows.GDIBlitLoops";7;448
"sun.misc.PerfCounter";7;168
"com.jprofiler.agent.n";7;112
"java.util.Collections$UnmodifiableRandomAccessList";7;168
"sun.management.counter.Units";7;168
"java.util.Properties";7;336
"java.nio.DirectLongBufferU";7;392
"sun.java2d.loops.RenderLoops";7;448
"scala.concurrent.forkjoin.ForkJoinWorkerThread";6;912
"sun.java2d.pipe.AAShapePipe";6;96
"sun.reflect.generics.tree.MethodTypeSignature";6;192
"sun.reflect.generics.reflectiveObjects.ParameterizedTypeImpl";6;144
"sun.reflect.generics.repository.MethodRepository";6;240
"sun.reflect.generics.tree.TypeSignature[ ]";6;96
"sun.reflect.generics.scope.MethodScope";6;144
"sun.java2d.pipe.TextRenderer";6;96
"scala.concurrent.forkjoin.ForkJoinTask[ ]";6;196704
"sun.java2d.d3d.D3DMaskBlit";6;336
"scala.concurrent.forkjoin.LinkedTransferQueue$PaddedAtomicReference";6;480
"java.lang.RuntimePermission";6;144
"java.awt.image.DirectColorModel";6;864
"java.util.zip.ZStreamRef";5;120
"java.lang.annotation.ElementType[ ]";5;168
"sun.font.FontFamily";5;200
"sun.management.MemoryPoolImpl$PoolSensor";5;200
"java.util.Stack";5;160
"java.util.Collections$SynchronizedSet";5;120
"sun.java2d.loops.DrawParallelogram";5;240
"sun.nio.fs.WindowsPathType";5;120
"sun.awt.FontDescriptor[ ][ ]";5;160
"java.net.Inet4Address";5;160
"sun.management.MemoryPoolImpl";5;280
"sun.management.MemoryPoolImpl$CollectionSensor";5;200
"java.util.concurrent.atomic.AtomicLong";5;120
"java.util.zip.Inflater";5;160
"sun.java2d.loops.FillParallelogram";5;240
"java.net.Socket";5;160
"java.util.Collections$UnmodifiableMap";5;160
"scala.actors.Channel";5;80
"short[ ][ ]";5;160
"java.awt.AWTKeyStroke[ ]";4;80
"sun.java2d.StateTrackableDelegate$1";4;64
"java.awt.Dialog$ModalityType";4;96
"java.util.Collections$SingletonMap";4;160
"javax.management.StandardEmitterMBean";4;128
"java.net.InetAddress";4;128
"java.nio.HeapByteBuffer";4;192
"sun.reflect.annotation.AnnotationType";4;128
"java.lang.String[ ][ ]";4;216
"java.awt.Queue";4;96
"javax.management.MBeanNotificationInfo";4;128
"java.awt.BufferCapabilities$FlipContents";4;96
"java.util.concurrent.locks.AbstractQueuedSynchronizer$Node";4;128
"java.util.Collections$UnmodifiableSet";4;64
"sun.net.www.protocol.jar.URLJarFile";4;320
"sun.net.www.protocol.jar.Handler";4;64
"java.math.MathContext";4;96
"com.jprofiler.agent.probe.l";4;96
"com.sun.jmx.mbeanserver.DefaultMXBeanMappingFactory$ArrayMapping";4;128
"java.awt.AWTKeyStroke";4;96
"scala.actors.Reactor$$anonfun$2";4;64
"com.jprofiler.agent.probe.a.a.t[ ]";4;128
"com.jprofiler.api.agent.probe.Unit";4;64
"java.util.IdentityHashMap";4;160
"sun.reflect.DelegatingMethodAccessorImpl";4;64
"java.math.BigInteger[ ]";4;440
"sun.misc.URLClassPath";4;160
"sun.java2d.StateTrackable$State";4;96
"java.util.concurrent.locks.AbstractQueuedSynchronizer$ConditionObject";4;96
"java.beans.PropertyChangeSupport$PropertyChangeListenerMap";4;64
"com.jprofiler.api.agent.ProbeObjectType";3;48
"sun.java2d.pipe.PixelToShapeConverter";3;48
"java.net.ServerSocket";3;72
"sun.java2d.pipe.hw.ExtendedBufferCapabilities$VSyncType";3;72
"java.lang.annotation.RetentionPolicy";3;72
"java.beans.PropertyChangeSupport";3;72
"javax.management.openmbean.OpenMBeanOperationInfoSupport";3;168
"java.io.FilePermissionCollection";3;72
"scala.util.DynamicVariable$$anon$1";3;72
"java.awt.ComponentOrientation";3;48
"com.siigna.util.event.ModifierKeys";3;48
"java.beans.PropertyChangeListener[ ]";3;64
"sun.awt.FontDescriptor";3;120
"java.net.Proxy$Type";3;72
"com.jprofiler.agent.probe.b.d";3;48
"sun.font.EAttribute[ ]";3;336
"scala.util.DynamicVariable";3;72
"java.awt.Window$Type";3;72
"java.io.OutputStreamWriter";3;96
"com.jprofiler.agent.ThreadManager";3;240
"scala.collection.IndexedSeqLike$Elements";3;96
"sun.awt.RepaintArea";3;48
"java.text.AttributedCharacterIterator$Attribute";3;48
"sun.nio.cs.StreamEncoder";3;168
"java.nio.charset.CodingErrorAction";3;48
"java.security.BasicPermissionCollection";3;96
"java.io.FilePermission";3;96
"sun.reflect.generics.tree.FormalTypeParameter";3;72
"java.awt.Font";3;216
"sun.java2d.pipe.SpanClipRenderer";3;48
"java.io.BufferedWriter";3;144
"sun.awt.SunDisplayChanger";3;48
"java.security.Permissions";3;96
"java.awt.Rectangle[ ]";3;96
"sun.awt.EventQueueItem[ ]";3;120
"sun.reflect.NativeMethodAccessorImpl";3;72
"java.awt.EventFilter$FilterAction";3;72
"java.awt.ImageCapabilities";3;48
"$Proxy2";3;48
"$Proxy0";3;48
"java.awt.Dialog$ModalExclusionType";3;72
"sun.reflect.generics.reflectiveObjects.TypeVariableImpl";3;96
"com.sun.jmx.mbeanserver.DefaultMXBeanMappingFactory$EnumMapping";3;96
"com.jprofiler.agent.probe.y";3;48
"sun.java2d.d3d.D3DSurfaceData";3;312
"java.lang.StringBuffer";3;72
"com.sun.jmx.mbeanserver.MBeanIntrospector$MBeanInfoMap";2;96
"sun.java2d.d3d.D3DGeneralBlit";2;112
"sun.reflect.generics.scope.ClassScope";2;48
"sun.java2d.loops.Blit$GeneralMaskBlit";2;96
"java.awt.Insets";2;64
"com.sun.jmx.mbeanserver.ClassLoaderRepositorySupport$LoaderEntry[ ]";2;40
"com.sun.jmx.mbeanserver.DefaultMXBeanMappingFactory$TabularMapping";2;80
"java.net.InetAddress$Cache";2;48
"java.io.BufferedOutputStream";2;48
"java.io.ExpiringCache$1";2;112
"java.lang.annotation.Annotation[ ]";2;32
"java.awt.Cursor$CursorDisposer";2;48
"sun.reflect.generics.tree.ClassSignature";2;48
"java.lang.StackTraceElement[ ]";2;32
"java.lang.Thread[ ]";2;160
"java.util.logging.Handler[ ]";2;32
"java.net.InetAddress$CacheEntry";2;48
"sun.security.jca.ProviderList";2;48
"java.nio.charset.CoderResult";2;48
"java.lang.ThreadGroup";2;96
"java.util.concurrent.locks.ReentrantReadWriteLock$WriteLock";2;32
"java.lang.StringCoding$StringEncoder";2;64
"java.util.concurrent.locks.ReentrantReadWriteLock$ReadLock";2;32
"sun.misc.NativeSignalHandler";2;48
"java.lang.management.MemoryType";2;48
"java.lang.Shutdown$Lock";2;32
"com.sun.jmx.mbeanserver.ClassLoaderRepositorySupport$LoaderEntry";2;48
"java.awt.LightweightDispatcher";2;96
"sun.management.ManagementFactoryHelper$1";2;48
"sun.reflect.generics.tree.ClassTypeSignature[ ]";2;40
"java.util.ResourceBundle$LoaderReference";2;64
"java.util.jar.Attributes";2;32
"sun.java2d.d3d.D3DGraphicsConfig";2;80
"java.lang.annotation.RetentionPolicy[ ]";2;64
"sun.java2d.pipe.SpanShapeRenderer$Composite";2;32
"scala.concurrent.forkjoin.ForkJoinWorkerThread[ ]";2;56
"java.lang.InheritableThreadLocal";2;32
"java.io.InvalidClassException";2;80
"java.lang.VirtualMachineError";2;64
"java.lang.Boolean";2;32
"sun.java2d.loops.MaskBlit$General";2;144
"sun.java2d.d3d.D3DVolatileSurfaceManager";2;112
"java.util.concurrent.locks.ReentrantReadWriteLock$Sync$ThreadLocalHoldCounter";2;32
"sun.java2d.pipe.Region$ImmutableRegion";2;80
"java.awt.Dimension";2;48
"sun.misc.Signal";2;48
"java.util.ResourceBundle$CacheKey";2;112
"sun.security.jca.ProviderList$3";2;48
"sun.java2d.d3d.D3DContext$D3DContextCaps";2;48
"java.net.InetAddress$Cache$Type";2;48
"java.awt.BorderLayout";2;112
"javax.management.MBeanConstructorInfo";2;64
"sun.reflect.generics.repository.ClassRepository";2;64
"scala.concurrent.forkjoin.LinkedTransferQueue";2;48
"scala.actors.remote.Node";2;48
"sun.java2d.d3d.D3DGraphicsDevice";2;192
"java.util.concurrent.locks.ReentrantReadWriteLock";2;48
"scala.util.control.BreakControl";2;64
"sun.awt.image.BufImgSurfaceManager";2;48
"com.jprofiler.agent.util.a.a.p";2;80
"scala.math.BigDecimal";2;48
"java.util.LinkedHashSet";2;32
"java.net.InetAddress[ ]";2;48
"com.sun.jmx.mbeanserver.DefaultMXBeanMappingFactory$CollectionMapping";2;64
"java.math.BigDecimal[ ]";2;144
"sun.util.locale.UnicodeLocaleExtension";2;64
"sun.java2d.loops.GraphicsPrimitive[ ]";2;3280
"java.util.Random";2;64
"java.util.jar.Manifest";2;48
"sun.awt.image.SunVolatileImage";2;112
"sun.awt.util.IdentityArrayList";2;48
"java.net.InetSocketAddress[ ]";2;48
"scala.actors.Reactor$$anonfun$seq$1";2;48
"sun.util.locale.LocaleExtensions";2;48
"java.io.FileOutputStream";2;64
"java.lang.ref.ReferenceQueue$Null";2;64
"scala.actors.Combinators$$anonfun$loop$1";2;48
"java.awt.Cursor[ ]";2;144
"sun.security.jca.ProviderConfig[ ]";2;72
"java.io.PrintStream";2;64
"sun.util.calendar.ZoneInfo";2;112
"java.util.concurrent.atomic.AtomicReferenceFieldUpdater$AtomicReferenceFieldUpdaterImpl";2;64
"java.util.ResourceBundle$BundleReference";2;96
"scala.math.BigInt";2;32
"java.io.ExpiringCache";2;80
"java.nio.ByteOrder";2;32
"sun.awt.im.InputMethodLocator";2;48
"sun.management.GarbageCollectorImpl";2;96
"com.jprofiler.agent.probe.a.a.p";2;352
"$Proxy1";2;32
"sun.awt.MostRecentKeyValue";2;48
"com.sun.jmx.mbeanserver.WeakIdentityHashMap";2;48
"sun.java2d.d3d.D3DContext";2;128
"java.lang.reflect.TypeVariable[ ]";2;48
"com.sun.jmx.mbeanserver.MBeanIntrospector$PerInterfaceMap";2;96
"java.lang.management.ManagementPermission";2;48
"javax.management.openmbean.TabularType";2;96
"sun.java2d.d3d.D3DSurfaceData$D3DWindowSurfaceData";2;224
"com.siigna.app.Siigna$";1;64
"java.lang.Character[ ]";1;528
"scala.reflect.NoManifest$";1;16
"sun.management.MemoryManagerImpl";1;40
"scala.collection.parallel.ForkJoinTasks$";1;16
"sun.java2d.NullSurfaceData";1;56
"com.sun.jmx.remote.util.ClassLogger";1;24
"java.lang.Terminator$1";1;16
"sun.nio.ch.Util$1";1;16
"java.awt.DefaultFocusTraversalPolicy";1;32
"com.siigna.app.view.View$$anonfun$4";1;16
"com.siigna.app.controller.remote.Server";1;32
"scala.collection.Traversable$";1;16
"java.lang.ProcessEnvironment";1;48
"scala.actors.scheduler.DrainableForkJoinPool";1;80
"sun.misc.Launcher";1;16
"scala.math.BigInt$";1;32
"java.util.concurrent.atomic.AtomicBoolean";1;16
"java.util.ResourceBundle$Control";1;16
"com.siigna.util.event.MouseMove$";1;16
"scala.collection.immutable.Vector";1;56
"java.lang.management.PlatformComponent$9";1;16
"sun.java2d.loops.RenderLoops[ ]";1;40
"java.lang.management.PlatformComponent$5";1;16
"scala.collection.immutable.Map$";1;16
"java.awt.Dialog$ModalExclusionType[ ]";1;32
"java.lang.management.PlatformComponent$6";1;16
"java.lang.management.PlatformComponent$7";1;16
"java.lang.management.PlatformComponent$8";1;16
"java.lang.management.PlatformComponent$1";1;16
"java.lang.management.PlatformComponent$2";1;16
"java.lang.management.PlatformComponent$3";1;16
"java.lang.management.PlatformComponent$4";1;16
"java.util.concurrent.locks.ReentrantReadWriteLock$FairSync";1;48
"scala.actors.Actor$blocker$";1;16
"com.siigna.app.SiignaApplet$$anon$2";1;112
"com.siigna.app.SiignaApplet$$anon$1";1;112
"java.awt.EventQueue$2";1;16
"java.awt.EventQueue$1";1;16
"scala.collection.immutable.Traversable$";1;16
"sun.nio.cs.StandardCharsets$Classes";1;40
"com.siigna.util.event.KeyUp$";1;16
"sun.java2d.windows.GDIWindowSurfaceData";1;72
"scala.actors.remote.DelegateActor";1;88
"javax.management.JMX";1;16
"sun.nio.fs.NativeBuffer";1;32
"scala.Predef$$anon$3";1;16
"scala.Predef$$anon$4";1;16
"sun.awt.image.PixelConverter$Bgrx";1;16
"java.lang.management.MemoryManagerMXBean[ ]";1;32
"java.util.TimerTask[ ]";1;528
"java.lang.ref.Reference$Lock";1;16
"scala.math.Ordering$";1;16
"scala.Predef$$anon$6";1;16
"sun.font.AttributeValues";1;96
"com.siigna.util.geom.Vector2D$";1;16
"sun.java2d.d3d.D3DScreenUpdateManager$1$1";1;16
"scala.actors.Actor$";1;24
"java.lang.ref.Reference$ReferenceHandler";1;104
"java.math.BigDecimal$1";1;16
"sun.misc.Launcher$AppClassLoader";1;80
"sun.font.SunFontManager$T1Filter";1;16
"sun.misc.FloatingDecimal$1";1;16
"sun.java2d.d3d.D3DRTTSurfaceToSurfaceScale";1;48
"java.nio.charset.CoderResult$2";1;16
"java.nio.charset.CoderResult$1";1;16
"sun.awt.Win32GraphicsEnvironment";1;24
"scala.collection.immutable.$colon$colon$";1;16
"scala.collection.immutable.HashMap$";1;16
"com.siigna.module.ModuleMenu$";1;80
"java.security.MessageDigest$Delegate";1;32
"scala.collection.mutable.StringBuilder$";1;16
"scala.collection.immutable.StreamIterator$$anonfun$$init$$1";1;16
"com.siigna.util.geom.Segment2D$";1;16
"com.jprofiler.agent.triggers.TriggerInterceptor";1;40
"scala.sys.package$";1;16
"sun.java2d.d3d.D3DScreenUpdateManager$1";1;16
"java.nio.Bits$1$1";1;16
"sun.dc.pr.PathFiller";1;24
"sun.awt.image.PixelConverter$Ushort4444Argb";1;16
"scala.runtime.ScalaRunTime$";1;24
"java.io.DataOutputStream";1;32
"sun.java2d.pipe.SolidTextRenderer";1;16
"com.siigna.util.event.Key$";1;168
"java.util.Collections$SingletonSet";1;16
"java.awt.color.ICC_ColorSpace";1;64
"com.siigna.app.model.Model$$anonfun$$init$$1";1;16
"sun.java2d.d3d.D3DSurfaceToSurfaceTransform";1;48
"sun.management.CompilationImpl";1;24
"java.awt.Container$1";1;16
"java.lang.NullPointerException";1;32
"sun.java2d.loops.DrawGlyphListAA$General";1;48
"com.siigna.app.SiignaApplet";1;296
"sun.awt.SunToolkit$ModalityListenerList";1;16
"scala.actors.remote.Terminate$";1;16
"java.util.jar.JavaUtilJarAccessImpl";1;16
"java.awt.KeyboardFocusManager$HeavyweightFocusRequest";1;24
"scala.actors.remote.RemoteActor$$anonfun$createNetKernelOnPort$1";1;24
"javax.management.MBeanServerBuilder";1;16
"java.lang.ThreadGroup[ ]";1;32
"sun.java2d.pipe.OutlineTextRenderer";1;16
"java.awt.EventDispatchThread";1;120
"sun.nio.cs.StandardCharsets$Aliases";1;40
"sun.nio.cs.UTF_8";1;24
"com.sun.jmx.mbeanserver.MBeanAnalyzer$MethodOrder";1;16
"com.siigna.app.controller.EventController$$anon$4";1;16
"com.siigna.app.controller.EventController$$anon$3";1;16
"com.siigna.app.controller.EventController$$anon$2";1;16
"com.siigna.app.controller.EventController$$anon$1";1;16
"java.util.WeakHashMap$KeySet";1;16
"sun.misc.Unsafe";1;16
"java.lang.ref.Finalizer$FinalizerThread";1;104
"sun.font.CompositeFont[ ]";1;96
"sun.management.counter.Units[ ]";1;48
"sun.util.resources.TimeZoneNames_en";1;40
"scala.collection.immutable.Map$EmptyMap$";1;16
"java.util.logging.LogManager";1;48
"com.jprofiler.agent.probe.structures.e";1;72
"java.nio.Bits$1";1;16
"java.lang.management.MemoryPoolMXBean[ ]";1;40
"com.siigna.util.collection.DirectedGraph$";1;16
"scala.util.control.NoStackTrace$";1;16
"sun.security.provider.Sun";1;96
"scala.util.control.Breaks";1;16
"sun.awt.windows.WToolkit$2";1;16
"java.awt.Queue[ ]";1;32
"com.siigna.util.geom.ComplexRectangle2D$";1;16
"sun.awt.windows.WInputMethodDescriptor";1;16
"sun.awt.windows.WWindowPeer$ActiveWindowListener";1;16
"java.awt.color.ICC_Profile$1";1;16
"sun.java2d.loops.SurfaceType[ ]";1;40
"sun.awt.image.PixelConverter$Xbgr";1;16
"sun.util.resources.LocaleData$LocaleDataResourceBundleControl";1;16
"java.util.Timer";1;24
"com.siigna.util.event.Track$";1;48
"java.lang.Integer[ ]";1;1040
"scala.xml.TopScope$";1;24
"com.siigna.util.event.KeyDown$";1;16
"scala.util.control.Breaks$";1;16
"com.siigna.util.geom.Arc2D$";1;16
"scala.collection.mutable.ArrayBuilder$";1;16
"java.awt.Component$FlipSubRegionBufferStrategy";1;48
"sun.awt.im.ExecutableInputMethodManager";1;56
"sun.java2d.d3d.D3DSurfaceToGDIWindowSurfaceTransform";1;48
"java.awt.image.DataBuffer$1";1;16
"sun.java2d.pipe.GeneralCompositePipe";1;16
"sun.dc.DuctusRenderingEngine";1;16
"scala.collection.immutable.Vector$$anon$2";1;16
"sun.java2d.loops.DrawGlyphList$General";1;48
"scala.util.Random";1;16
"java.net.Proxy$Type[ ]";1;32
"sun.awt.PostEventQueue";1;24
"sun.java2d.pipe.AlphaColorPipe";1;16
"sun.java2d.d3d.D3DSurfaceToGDIWindowSurfaceScale";1;48
"java.text.AttributedString$AttributedStringIterator";1;48
"sun.awt.SunHints$Value[ ][ ]";1;56
"com.siigna.app.model.ActionModel$$anonfun$1";1;16
"sun.java2d.pipe.NullPipe";1;16
"java.util.Timer$1";1;16
"com.siigna.app.model.shape.TextShape$";1;16
"sun.nio.cs.MS1252";1;24
"com.siigna.app.controller.remote.RemoteController$$anonfun$act$2";1;16
"com.siigna.util.event.MouseButtonRight$";1;16
"com.siigna.module.Module$";1;16
"com.jprofiler.agent.triggers.TriggerInterceptor$1";1;24
"java.lang.ApplicationShutdownHooks$1";1;16
"java.net.Proxy";1;24
"scala.util.Properties$";1;40
"scala.actors.Reactor$$anon$1";1;16
"scala.actors.Reactor$$anon$2";1;16
"java.util.Collections$EmptyIterator";1;16
"com.siigna.app.SiignaApplication$";1;16
"sun.misc.ASCIICaseInsensitiveComparator";1;16
"java.io.InputStreamReader";1;24
"com.siigna.util.event.MouseDouble$";1;16
"sun.java2d.loops.SetDrawPathANY";1;48
"sun.reflect.GeneratedConstructorAccessor1";1;16
"sun.util.logging.PlatformLogger$LoggerProxy";1;32
"com.siigna.app.model.shape.LineShape$";1;16
"scala.math.Ordered$";1;16
"scala.Predef$Pair$";1;16
"scala.math.Equiv$";1;16
"sun.management.HotSpotDiagnostic";1;16
"java.util.Set[ ]";1;32
"sun.java2d.d3d.D3DRTTSurfaceToSurfaceTransform";1;48
"java.security.cert.Certificate[ ]";1;16
"sun.awt.FontDescriptor[ ][ ][ ]";1;40
"com.jprofiler.agent.util.a.a.ad";1;64
"sun.awt.windows.WingDings$Encoder";1;48
"com.siigna.app.model.action.Transform$";1;16
"scala.collection.immutable.Nil$";1;16
"sun.awt.image.PixelConverter$Xrgb";1;16
"java.io.ByteArrayOutputStream";1;24
"sun.java2d.d3d.D3DSurfaceToSwBlit";1;48
"com.siigna.util.Implicits$";1;16
"scala.reflect.Manifest$$anon$11";1;24
"scala.reflect.Manifest$$anon$12";1;24
"scala.reflect.Manifest$$anon$13";1;24
"scala.reflect.Manifest$$anon$14";1;24
"java.lang.Throwable[ ]";1;16
"byte[ ][ ]";1;24
"java.util.Collections$SetFromMap";1;24
"java.awt.KeyboardFocusManager$1";1;16
"scala.reflect.Manifest$$anon$10";1;24
"scala.collection.generic.IdleSignalling$";1;16
"com.siigna.util.geom.Circle2D$";1;16
"java.awt.event.InputEvent$1";1;16
"com.jprofiler.agent.util.a.a.a.c";1;16
"scala.actors.scheduler.ForkJoinScheduler$$anon$2";1;16
"com.siigna.util.geom.Line2D$";1;16
"javax.management.NotificationBroadcasterSupport$1";1;16
"sun.awt.image.PixelConverter$Rgba";1;16
"sun.launcher.LauncherHelper";1;24
"sun.java2d.pipe.hw.ExtendedBufferCapabilities$VSyncType[ ]";1;32
"sun.nio.fs.WindowsFileSystem";1;32
"sun.misc.SoftCache";1;32
"scala.collection.immutable.Stream$$anonfun$iterate$1";1;24
"scala.actors.Actor$State$";1;72
"int[ ][ ][ ]";1;40
"sun.java2d.loops.SetFillSpansANY";1;48
"com.siigna.app.controller.remote.RemoteController$";1;88
"sun.util.locale.InternalLocaleBuilder$CaseInsensitiveChar";1;16
"java.util.Collections$EmptySet";1;16
"double[ ][ ]";1;88
"scala.Symbol$";1;32
"com.siigna.app.model.server.User";1;32
"scala.actors.Actor$$anon$5";1;40
"sun.java2d.StateTracker$1";1;16
"sun.java2d.StateTracker$2";1;16
"scala.runtime.BoxedUnit";1;16
"com.siigna.module.ModuleLoader$";1;32
"sun.awt.AppContext";1;56
"scala.reflect.Manifest$";1;72
"com.siigna.util.event.End$";1;16
"sun.awt.image.PixelConverter$Rgbx";1;16
"java.util.logging.LoggingProxyImpl";1;16
"scala.sys.BooleanProp$$anonfun$keyExists$1";1;16
"sun.security.provider.SecureRandom";1;32
"sun.java2d.d3d.D3DSurfaceToSurfaceScale";1;48
"scala.collection.immutable.List$";1;16
"sun.awt.windows.WToolkit$ToolkitDisposer";1;16
"sun.misc.Cleaner";1;40
"java.io.BufferedInputStream";1;40
"scala.collection.immutable.Vector$";1;24
"scala.collection.immutable.Set$";1;16
"java.lang.OutOfMemoryError[ ]";1;32
"sun.nio.fs.NativeBuffer$Deallocator";1;24
"scala.actors.Reactor$$anonfun$dostart$1";1;16
"scala.collection.immutable.Range$";1;16
"sun.awt.Symbol";1;24
"sun.nio.cs.ThreadLocalCoders$1";1;24
"sun.nio.cs.ThreadLocalCoders$2";1;24
"com.jprofiler.agent.probe.c.b";1;24
"scala.collection.immutable.HashMap$EmptyHashMap$";1;16
"com.jprofiler.agent.probe.c.c";1;48
"java.awt.AWTEvent$1";1;16
"com.jprofiler.agent.probe.c.a";1;24
"java.util.concurrent.locks.ReentrantReadWriteLock$NonfairSync";1;48
"sun.nio.cs.UTF_8$Decoder";1;40
"sun.nio.cs.UTF_16";1;24
"sun.management.MemoryImpl";1;32
"com.sun.jmx.mbeanserver.DefaultMXBeanMappingFactory";1;16
"java.lang.reflect.ReflectPermission";1;24
"sun.java2d.pipe.BufferedRenderPipe$AAParallelogramPipe";1;16
"sun.java2d.pipe.AATextRenderer";1;16
"sun.java2d.windows.GDIRenderer";1;16
"scala.concurrent.forkjoin.ForkJoinPool$AdaptedRunnable";1;32
"sun.awt.windows.WToolkit";1;72
"java.util.ResourceBundle$Control$CandidateListCache";1;24
"sun.awt.windows.WWindowPeer$GuiDisposedListener";1;16
"scala.collection.Seq$";1;16
"com.siigna.app.view.Interface$Cursors$";1;32
"com.siigna.util.event.MouseEnter$";1;16
"sun.awt.windows.WKeyboardFocusManagerPeer";1;16
"sun.awt.image.PixelConverter$UshortGray";1;16
"scala.collection.parallel.immutable.ParSeq$";1;16
"sun.nio.cs.ISO_8859_1";1;24
"sun.awt.image.PixelConverter$Argb";1;16
"com.jprofiler.agent.probe.a.a.aa";1;24
"com.jprofiler.agent.probe.a.a.ac";1;24
"com.jprofiler.agent.probe.a.a.ab";1;24
"sun.dc.pr.Rasterizer";1;32
"scala.actors.scheduler.ThreadPoolConfig$";1;32
"scala.actors.remote.TcpService";1;136
"sun.security.jca.ProviderList$1";1;96
"sun.java2d.d3d.D3DTextureToSurfaceScale";1;48
"com.intellij.rt.execution.application.AppMain$1";1;16
"com.siigna.util.event.MouseButtonMiddle$";1;16
"sun.management.VMManagementImpl";1;24
"sun.nio.fs.WindowsPathType[ ]";1;40
"scala.actors.scheduler.ForkJoinScheduler";1;56
"java.lang.Runtime";1;16
"com.siigna.util.event.MouseUp$";1;16
"sun.awt.windows.WGlobalCursorManager";1;32
"java.text.AttributedCharacterIterator$Attribute[ ]";1;24
"scala.math.Numeric$DoubleIsFractional$";1;16
"sun.nio.cs.StandardCharsets$Cache";1;40
"sun.java2d.cmm.ProfileDeferralInfo";1;32
"sun.java2d.loops.SetFillPathANY";1;48
"com.jprofiler.agent.b";1;104
"com.jprofiler.agent.k";1;16
"com.sun.jmx.mbeanserver.SecureClassLoaderRepository";1;16
"com.siigna.util.event.Start$";1;16
"java.lang.CharacterDataLatin1";1;16
"java.net.InetAddress$1";1;16
"scala.collection.immutable.Seq$";1;16
"scala.actors.remote.RemoteActor$";1;24
"sun.java2d.StateTrackable$State[ ]";1;32
"java.io.BufferedReader";1;48
"com.sun.jmx.mbeanserver.ClassLoaderRepositorySupport";1;24
"scala.actors.Scheduler$";1;16
"com.sun.jmx.interceptor.DefaultMBeanServerInterceptor$ResourceContext$1";1;16
"sun.java2d.pipe.BufferedRenderPipe$BufferedDrawHandler";1;64
"java.util.BitSet";1;24
"scala.math.BigInt[ ]";1;8216
"com.siigna.package$";1;240
"scala.math.BigDecimal$";1;40
"scala.reflect.ClassManifest$";1;72
"java.lang.ArithmeticException";1;32
"com.siigna.util.geom.SimpleRectangle2D$";1;16
"java.util.Collections$EmptyMap";1;24
"sun.awt.im.InputMethodContext";1;64
"java.awt.GraphicsDevice[ ]";1;24
"sun.misc.PerformanceLogger$TimeData";1;24
"com.jprofiler.agent.probe.JavaCollector";1;48
"scala.collection.immutable.Stream$$hash$colon$colon$";1;16
"sun.java2d.d3d.D3DGraphicsConfig$D3DImageCaps";1;16
"java.awt.image.ComponentColorModel";1;104
"sun.java2d.d3d.D3DTextureToSurfaceTransform";1;48
"sun.awt.windows.WInputMethod";1;48
"sun.java2d.d3d.D3DSurfaceDataProxy";1;48
"sun.awt.image.PixelConverter$RgbaPre";1;16
"com.siigna.util.event.MouseExit$";1;16
"java.util.Collections$EmptyEnumeration";1;16
"java.awt.Cursor";1;40
"sun.reflect.GeneratedSerializationConstructorAccessor1";1;16
"sun.reflect.GeneratedSerializationConstructorAccessor2";1;16
"sun.reflect.GeneratedSerializationConstructorAccessor3";1;16
"sun.reflect.GeneratedSerializationConstructorAccessor4";1;16
"scala.collection.immutable.StreamIterator";1;16
"sun.reflect.GeneratedSerializationConstructorAccessor9";1;16
"scala.collection.mutable.WrappedArray$";1;16
"sun.reflect.GeneratedSerializationConstructorAccessor5";1;16
"sun.reflect.GeneratedSerializationConstructorAccessor6";1;16
"sun.reflect.GeneratedSerializationConstructorAccessor7";1;16
"sun.reflect.GeneratedSerializationConstructorAccessor8";1;16
"sun.java2d.d3d.D3DTextureToSurfaceBlit";1;48
"java.awt.Component$1";1;16
"sun.awt.windows.WToolkit$2$1";1;16
"com.jprofiler.agent.probe.d";1;16
"com.jprofiler.agent.probe.f";1;112
"short[ ][ ][ ]";1;40
"com.jprofiler.agent.probe.e";1;16
"java.util.logging.LogManager$RootLogger";1;72
"com.siigna.app.controller.Controller$$anonfun$act$1";1;16
"scala.math.package$";1;32
"java.awt.Frame$1";1;16
"com.siigna.util.event.MouseButtonLeft$";1;16
"sun.awt.image.ImageRepresentation";1;96
"java.security.Provider[ ]";1;16
"scala.actors.ActorTask";1;48
"com.sun.jmx.mbeanserver.MBeanInstantiator";1;16
"sun.awt.GlobalCursorManager$NativeUpdater";1;24
"scala.sys.BooleanProp$";1;16
"com.sun.jmx.mbeanserver.MXBeanLookup";1;24
"sun.awt.AWTAutoShutdown";1;40
"com.siigna.app.model.Model";1;32
"scala.actors.remote.TcpService$";1;24
"sun.java2d.Disposer";1;16
"com.siigna.app.model.action.Delete$";1;16
"com.sun.jmx.interceptor.DefaultMBeanServerInterceptor";1;40
"sun.java2d.d3d.D3DDrawImage";1;16
"java.nio.file.attribute.FileAttribute[ ]";1;16
"java.io.WinNTFileSystem";1;32
"java.awt.Window$1";1;16
"sun.font.FileFont[ ]";1;96
"sun.java2d.d3d.D3DRenderer";1;32
"com.siigna.util.event.MouseButtonNone$";1;16
"com.jprofiler.agent.util.a.a.k";1;40
"java.util.Collections$EmptyList";1;16
"java.util.ResourceBundle$RBClassLoader";1;64
"sun.misc.URLClassPath$FileLoader";1;24
"java.awt.image.DataBufferByte";1;48
"sun.misc.Perf";1;16
"scala.collection.Iterator$";1;16
"sun.awt.resources.awt";1;40
"scala.Console$";1;112
"java.awt.font.FontRenderContext";1;32
"sun.management.ManagementFactoryHelper$PlatformLoggingImpl";1;16
"scala.actors.Reactor$";1;24
"javax.management.NotificationBroadcasterSupport";1;24
"scala.math.Numeric$IntIsIntegral$";1;16
"sun.java2d.pipe.AlphaPaintPipe";1;16
"sun.security.provider.NativeSeedGenerator";1;16
"sun.nio.cs.StreamDecoder";1;48
"sun.awt.windows.WCustomCursor";1;40
"sun.nio.fs.NativeBuffer[ ]";1;32
"scala.collection.mutable.BitSet$";1;16
"java.awt.Component$DummyRequestFocusController";1;16
"com.siigna.app.controller.remote.RemoteConstants$";1;72
"java.lang.reflect.ReflectAccess";1;16
"sun.awt.image.PixelConverter";1;16
"sun.java2d.WindowsSurfaceManagerFactory";1;16
"com.jprofiler.agent.Sampler";1;104
"sun.java2d.loops.SetDrawPolygonsANY";1;48
"java.awt.Dialog$ModalityType[ ]";1;32
"java.util.TimerThread";1;112
"scala.actors.ActorCanReply$$anonfun$$bang$qmark$1";1;16
"sun.net.www.protocol.file.Handler";1;16
"sun.font.GlyphList";1;80
"sun.awt.windows.WFontConfiguration";1;104
"com.siigna.app.model.Drawing$";1;24
"sun.misc.Launcher$Factory";1;16
"java.awt.Component$AWTTreeLock";1;16
"com.siigna.util.logging.Log$";1;48
"sun.java2d.d3d.D3DRenderQueue";1;24
"sun.java2d.d3d.D3DTextRenderer";1;16
"scala.actors.SuspendActorControl";1;32
"com.sun.jmx.mbeanserver.StandardMBeanSupport";1;24
"com.sun.jmx.mbeanserver.DescriptorCache";1;16
"scala.concurrent.forkjoin.ForkJoinPool$DefaultForkJoinWorkerThreadFactory";1;16
"sun.reflect.UnsafeBooleanFieldAccessorImpl";1;24
"com.siigna.app.model.shape.ArcShape$";1;16
"sun.awt.SunHints$LCDContrastKey";1;24
"sun.font.SunFontManager$TTFilter";1;16
"scala.collection.IndexedSeq$";1;16
"sun.awt.image.PixelConverter$Ushort565Rgb";1;16
"com.siigna.util.event.ModifierKeys$";1;24
"sun.dc.pr.PathDasher";1;24
"scala.Predef$";1;48
"sun.awt.image.ToolkitImage";1;48
"com.sun.jmx.mbeanserver.MXBeanIntrospector";1;16
"sun.java2d.SurfaceData$PixelToPgramLoopConverter";1;48
"scala.actors.remote.NetKernel";1;32
"sun.java2d.loops.GraphicsPrimitiveMgr$2";1;16
"sun.java2d.loops.GraphicsPrimitiveMgr$1";1;16
"com.siigna.app.model.shape.PolylineShape$";1;16
"sun.awt.CausedFocusEvent$Cause[ ]";1;72
"java.net.Inet6AddressImpl";1;24
"com.siigna.module.ModulePackage$";1;16
"com.sun.jmx.mbeanserver.JmxMBeanServer";1;40
"sun.awt.windows.WCanvasPeer";1;128
"sun.java2d.loops.TransformBlit";1;48
"scala.util.MurmurHash$";1;64
"sun.net.spi.DefaultProxySelector";1;16
"java.util.Hashtable$EntrySet";1;16
"scala.collection.mutable.HashTable$";1;16
"sun.awt.Win32FontManager";1;160
"scala.actors.remote.DelegateActor$$anonfun$act$1";1;16
"scala.collection.immutable.Iterable$";1;16
"com.jprofiler.agent.probe.a.o";1;24
"sun.awt.image.PixelConverter$ArgbPre";1;16
"com.jprofiler.agent.probe.a.q";1;32
"com.jprofiler.agent.probe.a.s";1;24
"com.jprofiler.agent.probe.a.r";1;24
"com.jprofiler.agent.probe.a.v";1;24
"java.util.Collections$SynchronizedCollection";1;24
"sun.awt.windows.WFramePeer";1;176
"com.jprofiler.agent.probe.a.a";1;24
"com.jprofiler.agent.probe.a.b";1;24
"java.math.RoundingMode[ ]";1;48
"com.jprofiler.agent.probe.a.d";1;64
"com.jprofiler.agent.probe.a.e";1;16
"com.jprofiler.agent.probe.a.f";1;24
"com.jprofiler.agent.probe.a.k";1;32
"sun.java2d.SurfaceData$PixelToShapeLoopConverter";1;16
"java.net.URLClassLoader";1;80
"com.siigna.app.controller.Controller$";1;72
"java.awt.color.ICC_ProfileRGB";1;40
"com.sun.jmx.mbeanserver.StandardMBeanIntrospector";1;16
"java.net.Inet6Address";1;56
"scala.None$";1;16
"java.awt.Font$FontAccessImpl";1;16
"java.awt.geom.AffineTransform[ ]";1;88
"java.util.Map[ ]";1;32
"java.lang.management.PlatformComponent$14";1;16
"java.awt.image.MemoryImageSource";1;48
"java.lang.management.PlatformComponent$15";1;16
"sun.java2d.pipe.RenderBuffer";1;48
"java.lang.management.PlatformComponent$12";1;16
"java.lang.management.PlatformComponent$13";1;16
"java.lang.management.PlatformComponent$10";1;16
"java.lang.management.PlatformComponent$11";1;16
"com.sun.jmx.mbeanserver.DefaultMXBeanMappingFactory$Mappings";1;48
"com.sun.management.OperatingSystem";1;24
"sun.management.ThreadImpl";1;24
"sun.java2d.d3d.D3DScreenUpdateManager";1;32
"scala.collection.parallel.package$";1;40
"com.jprofiler.agent.util.i";1;64
"java.util.TaskQueue";1;24
"scala.sys.BooleanProp$BooleanPropImpl";1;24
"java.lang.Long[ ]";1;1040
"com.jprofiler.agent.util.c";1;24
"scala.actors.remote.JavaSerializer";1;24
"sun.nio.cs.UTF_16LE";1;24
"java.util.ResourceBundle$1";1;40
"sun.java2d.loops.SetFillRectANY";1;48
"scala.math.Numeric$";1;16
"java.awt.image.PixelInterleavedSampleModel";1;56
"sun.java2d.pipe.LoopPipe";1;16
"com.jprofiler.api.agent.mbean.RemoteController";1;16
"com.siigna.app.view.View$";1;64
"sun.java2d.pipe.LCDTextRenderer";1;16
"scala.collection.mutable.Map$";1;16
"sun.java2d.SurfaceDataProxy$1";1;40
"sun.awt.image.PixelConverter$Ushort555Rgb";1;16
"com.siigna.app.ApplicationWindow$$anon$1";1;16
"com.siigna.app.ApplicationWindow$$anon$2";1;16
"com.siigna.util.geom.TransformationMatrix$";1;16
"sun.net.www.protocol.jar.JarFileFactory";1;16
"scala.collection.mutable.ArrayBuffer$";1;16
"java.awt.DefaultKeyboardFocusManager";1;72
"java.awt.Window$Type[ ]";1;32
"sun.awt.windows.WFontPeer";1;40
"scala.math.Numeric$DoubleAsIfIntegral$";1;16
"java.net.URLClassLoader$7";1;16
"scala.collection.immutable.StreamIterator$LazyCell";1;32
"java.lang.String$CaseInsensitiveComparator";1;16
"java.awt.Image$1";1;16
"scala.collection.immutable.Stream$";1;24
"sun.java2d.pipe.ValidatePipe";1;16
"sun.awt.image.PixelConverter$ByteGray";1;16
"java.lang.Runnable[ ]";1;56
"sun.awt.FontDescriptor[ ]";1;32
"java.util.logging.LogManager$Cleaner";1;112
"scala.sys.SystemProperties$";1;48
"scala.package$";1;104
"scala.Array$";1;16
"scala.Option$";1;16
"sun.dc.pr.Rasterizer$ConsumerDisposer";1;24
"java.awt.GraphicsCallback$PaintCallback";1;16
"sun.awt.Symbol$Encoder";1;48
"scala.actors.remote.DelegateActor$$anonfun$act$1$$anonfun$apply$1";1;16
"sun.management.ClassLoadingImpl";1;16
"java.util.Locale[ ]";1;56
"scala.collection.parallel.immutable.ParVector$";1;16
"sun.launcher.LauncherHelper[ ]";1;24
"sun.reflect.ReflectionFactory";1;16
"com.siigna.util.collection.Attributes$";1;16
"com.siigna.util.event.MouseWheel$";1;16
"com.siigna.util.event.MouseDown$";1;16
"java.lang.ref.Reference";1;32
"sun.java2d.d3d.D3DSurfaceToSurfaceBlit";1;48
"scala.actors.Actor$$anonfun$1";1;24
"sun.nio.fs.WindowsFileSystemProvider";1;16
"java.lang.Object[ ][ ]";1;48
"sun.misc.Launcher$ExtClassLoader";1;80
"sun.awt.image.ImageWatched$Link";1;16
"com.sun.jmx.mbeanserver.MBeanServerDelegateImpl";1;40
"sun.dc.pr.PathStroker";1;32
"scala.collection.Iterable$";1;16
"scala.actors.Debug$";1;24
"sun.util.locale.BaseLocale$Cache";1;24
"sun.java2d.d3d.D3DSurfaceToGDIWindowSurfaceBlit";1;48
"sun.nio.ch.FileChannelImpl$1";1;16
"com.siigna.app.controller.Controller$$anonfun$act$1$$anonfun$apply$1";1;16
"java.awt.EventQueue";1;64
"sun.java2d.d3d.D3DRTTSurfaceToSurfaceBlit";1;48
"java.lang.ProcessEnvironment$EntryComparator";1;16
"sun.awt.PaintEventDispatcher";1;16
"scala.collection.immutable.Stream$Cons";1;24
"sun.font.FontStrike[ ]";1;48
"com.siigna.app.model.action.Select$";1;16
"com.siigna.app.controller.remote.Session";1;24
"sun.management.RuntimeImpl";1;24
"scala.collection.Iterator$$anon$3";1;16
"com.sun.jmx.mbeanserver.Repository";1;32
"java.lang.System$2";1;16
"sun.util.LocaleServiceProviderPool";1;32
"sun.nio.cs.US_ASCII";1;24
"java.io.PrintWriter";1;48
"com.siigna.app.ApplicationWindow";1;424
"com.jprofiler.agent.probe.a.ad";1;24
"com.jprofiler.agent.probe.a.ac";1;40
"java.awt.EventDispatchThread$1";1;16
"java.awt.AWTKeyStroke[ ][ ]";1;32
"scala.reflect.Manifest$$anon$5";1;16
"scala.reflect.Manifest$$anon$4";1;16
"scala.reflect.Manifest$$anon$7";1;16
"com.jprofiler.agent.probe.a.an";1;32
"scala.reflect.Manifest$$anon$6";1;16
"scala.reflect.Manifest$$anon$1";1;16
"scala.reflect.Manifest$$anon$3";1;16
"scala.reflect.Manifest$$anon$2";1;16
"sun.reflect.GeneratedSerializationConstructorAccessor12";1;16
"sun.reflect.GeneratedSerializationConstructorAccessor13";1;16
"sun.reflect.GeneratedSerializationConstructorAccessor10";1;16
"sun.reflect.GeneratedSerializationConstructorAccessor11";1;16
"com.jprofiler.agent.probe.a.ak";1;24
"scala.reflect.Manifest$$anon$9";1;16
"scala.reflect.Manifest$$anon$8";1;16
"sun.util.resources.TimeZoneNames";1;40
"sun.java2d.loops.SetDrawLineANY";1;48
"com.jprofiler.agent.probe.a.aj";1;24
"sun.reflect.GeneratedSerializationConstructorAccessor17";1;16
"sun.reflect.GeneratedSerializationConstructorAccessor16";1;16
"sun.reflect.GeneratedSerializationConstructorAccessor15";1;16
"java.lang.Short[ ]";1;1040
"sun.reflect.GeneratedSerializationConstructorAccessor14";1;16
"java.awt.Canvas";1;208
"sun.java2d.pipe.DrawImage";1;16
"java.awt.Component[ ]";1;16
"com.jprofiler.agent.probe.a.a.u";1;40
"sun.awt.image.PixelConverter$ArgbBm";1;16
"sun.awt.windows.WingDings";1;24
"com.jprofiler.agent.probe.a.a.n";1;80
"com.jprofiler.agent.probe.a.a.i";1;72
"com.siigna.app.model.action.Create$";1;16
"sun.util.CoreResourceBundleControl";1;16
"scala.actors.TIMEOUT$";1;16
"sun.nio.cs.UTF_16BE";1;24
"sun.awt.image.ByteInterleavedRaster";1;120
"javax.management.openmbean.SimpleType[ ]";1;72
"sun.nio.cs.StandardCharsets";1;32
"scala.collection.mutable.IndexedSeq$";1;16
"com.jprofiler.agent.probe.a.a.z";1;56
"com.siigna.util.geom.Rectangle2D$";1;16
"sun.awt.windows.WPanelPeer";1;136
"java.util.logging.LoggingPermission";1;24
"com.jprofiler.agent.probe.a.a.b";1;24
"com.jprofiler.agent.probe.a.a.a";1;48
"java.text.AttributedString";1;40
"com.siigna.app.controller.remote.Mode$";1;56
"java.awt.EventDispatchThread$HierarchyEventFilter";1;16
"sun.security.provider.SHA";1;56
"scala.concurrent.forkjoin.ForkJoinPool";1;80
"java.util.Locale$Cache";1;24
"com.siigna.app.controller.remote.Get";1;24
"com.jprofiler.agent.probe.q";1;24
"scala.actors.remote.FreshNameCreator$";1;24
"scala.actors.remote.Proxy";1;32
"scala.actors.ActorProxy";1;64
"java.lang.ProcessEnvironment$NameComparator";1;16
"java.awt.Toolkit$DesktopPropertyChangeSupport";1;24
"com.siigna.app.controller.remote.Server$";1;16
"com.siigna.util.event.MouseDrag$";1;16
"sun.awt.image.PixelConverter$Ushort555Rgbx";1;16
"com.siigna.util.event.Snap$";1;16
"sun.java2d.loops.SetDrawRectANY";1;48
"java.awt.BufferCapabilities";1;24
"java.awt.EventFilter$FilterAction[ ]";1;32
"java.security.ProtectionDomain$1";1;16
"java.security.ProtectionDomain$3";1;16
"java.io.FileDescriptor$1";1;16
"java.net.InetAddress$Cache$Type[ ]";1;24
"com.siigna.app.model.Selection$";1;16
"sun.reflect.generics.tree.TypeVariableSignature";1;16
"scala.collection.mutable.BitSet";1;16
"sun.reflect.GeneratedMethodAccessor1";1;16
"java.lang.management.MemoryType[ ]";1;24
"sun.util.calendar.Gregorian";1;16
"scala.actors.Channel$$anonfun$receiveWithin$1";1;24
